Primer1_ID,Primer2_ID,primer1,primer2,Tm_primer_1,Tm_primer_1_w_mismatches,Tm_primer_2,Tm_primer_2_w_mismatches,C.G_primer_1,C.G_primer_2,good.bad,in_sequence_count,out_sequence_count,yule,in_taxa_count,out_taxa_count,coverage,Number_of_well_identified_taxa,specificity,min_amplified_length,max_amplified_length,avg_amplified_length,N_Genera_amplified,Genera_amplified,ProbeSequence,Length,Tm,GC,SelfPenalty,Hairpin
CYAG-F-RK29,CYAG-R-RK11,CTTCTCTTCTGTTGCTCACATC,TTGGCCTCAAGGAAGAACGTAG,56.8,49.1,59.9,55.1,10,11,GG,5,0,1,1,0,1,1,1,182,182,182,1,Cymatogaster,TACACATCGGACGTGGCTTA,20,59.741,50,9.93,39.29
CYAG-F-RK29,CYAG-R-RK09,CTTCTCTTCTGTTGCTCACATC,TTTGGCCTCAAGGAAGAACGTA,56.8,49.1,59.3,54.5,10,10,GG,5,0,1,1,0,1,1,1,183,183,183,1,Cymatogaster,TACACATCGGACGTGGCTTA,20,59.741,50,9.93,39.29
CYAG-F-RK29,CYAG-R-RK01,CTTCTCTTCTGTTGCTCACATC,TATTTGGCCTCAAGGAAGAACG,56.8,49.1,58.2,53.3,10,10,GG,5,0,1,1,0,1,1,1,185,185,185,1,Cymatogaster,TACACATCGGACGTGGCTTA,20,59.741,50,9.93,39.29
CYAG-F-RK29,CYAG-R-RK03,CTTCTCTTCTGTTGCTCACATC,GATATTTGGCCTCAAGGAAGAA,56.8,49.1,55.7,44.3,10,9,GG,5,0,1,1,0,1,1,1,187,187,187,1,Cymatogaster,TACACATCGGACGTGGCTTA,20,59.741,50,9.93,39.29
CYAG-F-RK30,CYAG-R-RK11,TTCTCTTCTGTTGCTCACATCT,TTGGCCTCAAGGAAGAACGTAG,56.8,49.1,59.9,55.1,9,11,GG,5,0,1,1,0,1,1,1,181,181,181,1,Cymatogaster,TACACATCGGACGTGGCTTA,20,59.741,50,9.93,39.29
CYAG-F-RK30,CYAG-R-RK09,TTCTCTTCTGTTGCTCACATCT,TTTGGCCTCAAGGAAGAACGTA,56.8,49.1,59.3,54.5,9,10,GG,5,0,1,1,0,1,1,1,182,182,182,1,Cymatogaster,TACACATCGGACGTGGCTTA,20,59.741,50,9.93,39.29
CYAG-F-RK31,CYAG-R-RK11,TCTCTTCTGTTGCTCACATCTG,TTGGCCTCAAGGAAGAACGTAG,57.7,50.1,59.9,55.1,10,11,GG,5,0,1,1,0,1,1,1,180,180,180,1,Cymatogaster,TACACATCGGACGTGGCTTA,20,59.741,50,9.93,39.29
CYAG-F-RK31,CYAG-R-RK09,TCTCTTCTGTTGCTCACATCTG,TTTGGCCTCAAGGAAGAACGTA,57.7,50.1,59.3,54.5,10,10,GG,5,0,1,1,0,1,1,1,181,181,181,1,Cymatogaster,TACACATCGGACGTGGCTTA,20,59.741,50,9.93,39.29
CYAG-F-RK32,CYAG-R-RK11,CTCTTCTGTTGCTCACATCTGC,TTGGCCTCAAGGAAGAACGTAG,59.3,56.1,59.9,55.1,11,11,GG,5,0,1,1,0,1,1,1,179,179,179,1,Cymatogaster,TACACATCGGACGTGGCTTA,20,59.741,50,9.93,39.29
CYAG-F-RK32,CYAG-R-RK09,CTCTTCTGTTGCTCACATCTGC,TTTGGCCTCAAGGAAGAACGTA,59.3,56.1,59.3,54.5,11,10,GG,5,0,1,1,0,1,1,1,180,180,180,1,Cymatogaster,TACACATCGGACGTGGCTTA,20,59.741,50,9.93,39.29
CYAG-F-RK32,CYAG-R-RK01,CTCTTCTGTTGCTCACATCTGC,TATTTGGCCTCAAGGAAGAACG,59.3,56.1,58.2,53.3,11,10,GG,5,0,1,1,0,1,1,1,182,182,182,1,Cymatogaster,TACACATCGGACGTGGCTTA,20,59.741,50,9.93,39.29
CYAG-F-RK32,CYAG-R-RK03,CTCTTCTGTTGCTCACATCTGC,GATATTTGGCCTCAAGGAAGAA,59.3,56.1,55.7,44.3,11,9,GG,5,0,1,1,0,1,1,1,184,184,184,1,Cymatogaster,TACACATCGGACGTGGCTTA,20,59.741,50,9.93,39.29
CYAG-F-RK29,CYAG-R-RK54,CTTCTCTTCTGTTGCTCACATC,GAACGCGGTTATTATTACTAGA,56.8,49.1,53.3,53.3,10,8,Gb,5,0,1,1,0,1,1,1,155,155,155,1,Cymatogaster,TACACATCGGACGTGGCTTA,20,59.741,50,9.93,39.29