"","season","site","species","count"
"1","Summer","Strawberry Point North","Oncorhynchus tshawytscha",5
"2","Summer","Strawberry Point North","Oncorhynchus nerka",3
"3","Summer","Strawberry Point North","Oncorhynchus kisutch",1
"4","Summer","Strawberry Point North","Oncorhynchus gorbuscha",3
"5","Summer","Strawberry Point North","Ammodytes hexapterus",1
"6","Summer","Strawberry Point North","Clupea pallasii",3
"7","Summer","Strawberry Point North","Engraulis mordax",1
"8","Summer","Strawberry Point North","Cymatogaster aggregata",3
"9","Summer","Strawberry Point North","Gasterosteus aculeatus",2
"10","Summer","Strawberry Point North","Hypomesus pretiosus",1
"11","Summer","Strawberry Point North","Mallotus villosus",1
"12","Summer","Strawberry Point North","Oncorhynchus tshawytscha",2
"13","Summer","Strawberry Point North","Oncorhynchus nerka",4
"14","Summer","Strawberry Point North","Oncorhynchus kisutch",2
"15","Summer","Strawberry Point North","Oncorhynchus gorbuscha",0
"16","Summer","Strawberry Point North","Ammodytes hexapterus",3
"17","Summer","Strawberry Point North","Clupea pallasii",9
"18","Summer","Strawberry Point North","Engraulis mordax",1
"19","Summer","Strawberry Point North","Cymatogaster aggregata",3
"20","Summer","Strawberry Point North","Gasterosteus aculeatus",1
"21","Summer","Strawberry Point North","Hypomesus pretiosus",6
"22","Summer","Strawberry Point North","Mallotus villosus",6
"23","Summer","Strawberry Point North","Oncorhynchus tshawytscha",1
"24","Summer","Strawberry Point North","Oncorhynchus nerka",7
"25","Summer","Strawberry Point North","Oncorhynchus kisutch",9
"26","Summer","Strawberry Point North","Oncorhynchus gorbuscha",15
"27","Summer","Strawberry Point North","Ammodytes hexapterus",26
"28","Summer","Strawberry Point North","Clupea pallasii",2
"29","Summer","Strawberry Point North","Engraulis mordax",0
"30","Summer","Strawberry Point North","Cymatogaster aggregata",14
"31","Summer","Strawberry Point North","Gasterosteus aculeatus",2
"32","Summer","Strawberry Point North","Hypomesus pretiosus",5
"33","Summer","Strawberry Point North","Mallotus villosus",3
"34","Summer","Brown Point","Oncorhynchus tshawytscha",8
"35","Summer","Brown Point","Oncorhynchus nerka",2
"36","Summer","Brown Point","Oncorhynchus kisutch",12
"37","Summer","Brown Point","Oncorhynchus gorbuscha",12
"38","Summer","Brown Point","Ammodytes hexapterus",8
"39","Summer","Brown Point","Clupea pallasii",1
"40","Summer","Brown Point","Engraulis mordax",5
"41","Summer","Brown Point","Cymatogaster aggregata",7
"42","Summer","Brown Point","Gasterosteus aculeatus",7
"43","Summer","Brown Point","Hypomesus pretiosus",1
"44","Summer","Brown Point","Mallotus villosus",3
"45","Summer","Brown Point","Oncorhynchus tshawytscha",2
"46","Summer","Brown Point","Oncorhynchus nerka",9
"47","Summer","Brown Point","Oncorhynchus kisutch",5
"48","Summer","Brown Point","Oncorhynchus gorbuscha",9
"49","Summer","Brown Point","Ammodytes hexapterus",12
"50","Summer","Brown Point","Clupea pallasii",4
"51","Summer","Brown Point","Engraulis mordax",0
"52","Summer","Brown Point","Cymatogaster aggregata",4
"53","Summer","Brown Point","Gasterosteus aculeatus",0
"54","Summer","Brown Point","Hypomesus pretiosus",1
"55","Summer","Brown Point","Mallotus villosus",21
"56","Summer","Brown Point","Oncorhynchus tshawytscha",4
"57","Summer","Brown Point","Oncorhynchus nerka",1
"58","Summer","Brown Point","Oncorhynchus kisutch",1
"59","Summer","Brown Point","Oncorhynchus gorbuscha",3
"60","Summer","Brown Point","Ammodytes hexapterus",1
"61","Summer","Brown Point","Clupea pallasii",2
"62","Summer","Brown Point","Engraulis mordax",6
"63","Summer","Brown Point","Cymatogaster aggregata",6
"64","Summer","Brown Point","Gasterosteus aculeatus",1
"65","Summer","Brown Point","Hypomesus pretiosus",0
"66","Summer","Brown Point","Mallotus villosus",1
"67","Summer","Random 1 2016-05-31 Utsalady Point","Oncorhynchus tshawytscha",2
"68","Summer","Random 1 2016-05-31 Utsalady Point","Oncorhynchus nerka",1
"69","Summer","Random 1 2016-05-31 Utsalady Point","Oncorhynchus kisutch",0
"70","Summer","Random 1 2016-05-31 Utsalady Point","Oncorhynchus gorbuscha",5
"71","Summer","Random 1 2016-05-31 Utsalady Point","Ammodytes hexapterus",13
"72","Summer","Random 1 2016-05-31 Utsalady Point","Clupea pallasii",0
"73","Summer","Random 1 2016-05-31 Utsalady Point","Engraulis mordax",0
"74","Summer","Random 1 2016-05-31 Utsalady Point","Cymatogaster aggregata",1
"75","Summer","Random 1 2016-05-31 Utsalady Point","Gasterosteus aculeatus",0
"76","Summer","Random 1 2016-05-31 Utsalady Point","Hypomesus pretiosus",14
"77","Summer","Random 1 2016-05-31 Utsalady Point","Mallotus villosus",4
"78","Summer","Random 1 2016-05-31 Utsalady Point","Oncorhynchus tshawytscha",10
"79","Summer","Random 1 2016-05-31 Utsalady Point","Oncorhynchus nerka",0
"80","Summer","Random 1 2016-05-31 Utsalady Point","Oncorhynchus kisutch",12
"81","Summer","Random 1 2016-05-31 Utsalady Point","Oncorhynchus gorbuscha",2
"82","Summer","Random 1 2016-05-31 Utsalady Point","Ammodytes hexapterus",0
"83","Summer","Random 1 2016-05-31 Utsalady Point","Clupea pallasii",2
"84","Summer","Random 1 2016-05-31 Utsalady Point","Engraulis mordax",5
"85","Summer","Random 1 2016-05-31 Utsalady Point","Cymatogaster aggregata",1
"86","Summer","Random 1 2016-05-31 Utsalady Point","Gasterosteus aculeatus",6
"87","Summer","Random 1 2016-05-31 Utsalady Point","Hypomesus pretiosus",8
"88","Summer","Random 1 2016-05-31 Utsalady Point","Mallotus villosus",17
"89","Summer","Random 1 2016-05-31 Utsalady Point","Oncorhynchus tshawytscha",2
"90","Summer","Random 1 2016-05-31 Utsalady Point","Oncorhynchus nerka",3
"91","Summer","Random 1 2016-05-31 Utsalady Point","Oncorhynchus kisutch",10
"92","Summer","Random 1 2016-05-31 Utsalady Point","Oncorhynchus gorbuscha",2
"93","Summer","Random 1 2016-05-31 Utsalady Point","Ammodytes hexapterus",2
"94","Summer","Random 1 2016-05-31 Utsalady Point","Clupea pallasii",12
"95","Summer","Random 1 2016-05-31 Utsalady Point","Engraulis mordax",4
"96","Summer","Random 1 2016-05-31 Utsalady Point","Cymatogaster aggregata",2
"97","Summer","Random 1 2016-05-31 Utsalady Point","Gasterosteus aculeatus",4
"98","Summer","Random 1 2016-05-31 Utsalady Point","Hypomesus pretiosus",10
"99","Summer","Random 1 2016-05-31 Utsalady Point","Mallotus villosus",11
"100","Summer","Random 2 2016-05-31 Maple Grove","Oncorhynchus tshawytscha",0
"101","Summer","Random 2 2016-05-31 Maple Grove","Oncorhynchus nerka",5
"102","Summer","Random 2 2016-05-31 Maple Grove","Oncorhynchus kisutch",0
"103","Summer","Random 2 2016-05-31 Maple Grove","Oncorhynchus gorbuscha",2
"104","Summer","Random 2 2016-05-31 Maple Grove","Ammodytes hexapterus",2
"105","Summer","Random 2 2016-05-31 Maple Grove","Clupea pallasii",1
"106","Summer","Random 2 2016-05-31 Maple Grove","Engraulis mordax",34
"107","Summer","Random 2 2016-05-31 Maple Grove","Cymatogaster aggregata",0
"108","Summer","Random 2 2016-05-31 Maple Grove","Gasterosteus aculeatus",17
"109","Summer","Random 2 2016-05-31 Maple Grove","Hypomesus pretiosus",3
"110","Summer","Random 2 2016-05-31 Maple Grove","Mallotus villosus",2
"111","Summer","Random 2 2016-05-31 Maple Grove","Oncorhynchus tshawytscha",13
"112","Summer","Random 2 2016-05-31 Maple Grove","Oncorhynchus nerka",1
"113","Summer","Random 2 2016-05-31 Maple Grove","Oncorhynchus kisutch",1
"114","Summer","Random 2 2016-05-31 Maple Grove","Oncorhynchus gorbuscha",0
"115","Summer","Random 2 2016-05-31 Maple Grove","Ammodytes hexapterus",0
"116","Summer","Random 2 2016-05-31 Maple Grove","Clupea pallasii",15
"117","Summer","Random 2 2016-05-31 Maple Grove","Engraulis mordax",27
"118","Summer","Random 2 2016-05-31 Maple Grove","Cymatogaster aggregata",8
"119","Summer","Random 2 2016-05-31 Maple Grove","Gasterosteus aculeatus",5
"120","Summer","Random 2 2016-05-31 Maple Grove","Hypomesus pretiosus",7
"121","Summer","Random 2 2016-05-31 Maple Grove","Mallotus villosus",1
"122","Summer","Random 2 2016-05-31 Maple Grove","Oncorhynchus tshawytscha",0
"123","Summer","Random 2 2016-05-31 Maple Grove","Oncorhynchus nerka",3
"124","Summer","Random 2 2016-05-31 Maple Grove","Oncorhynchus kisutch",2
"125","Summer","Random 2 2016-05-31 Maple Grove","Oncorhynchus gorbuscha",1
"126","Summer","Random 2 2016-05-31 Maple Grove","Ammodytes hexapterus",1
"127","Summer","Random 2 2016-05-31 Maple Grove","Clupea pallasii",3
"128","Summer","Random 2 2016-05-31 Maple Grove","Engraulis mordax",2
"129","Summer","Random 2 2016-05-31 Maple Grove","Cymatogaster aggregata",4
"130","Summer","Random 2 2016-05-31 Maple Grove","Gasterosteus aculeatus",3
"131","Summer","Random 2 2016-05-31 Maple Grove","Hypomesus pretiosus",16
"132","Summer","Random 2 2016-05-31 Maple Grove","Mallotus villosus",1
"133","Summer","Mariner's Bluff","Oncorhynchus tshawytscha",1
"134","Summer","Mariner's Bluff","Oncorhynchus nerka",5
"135","Summer","Mariner's Bluff","Oncorhynchus kisutch",0
"136","Summer","Mariner's Bluff","Oncorhynchus gorbuscha",1
"137","Summer","Mariner's Bluff","Ammodytes hexapterus",1
"138","Summer","Mariner's Bluff","Clupea pallasii",6
"139","Summer","Mariner's Bluff","Engraulis mordax",6
"140","Summer","Mariner's Bluff","Cymatogaster aggregata",2
"141","Summer","Mariner's Bluff","Gasterosteus aculeatus",0
"142","Summer","Mariner's Bluff","Hypomesus pretiosus",5
"143","Summer","Mariner's Bluff","Mallotus villosus",4
"144","Summer","Mariner's Bluff","Oncorhynchus tshawytscha",0
"145","Summer","Mariner's Bluff","Oncorhynchus nerka",19
"146","Summer","Mariner's Bluff","Oncorhynchus kisutch",7
"147","Summer","Mariner's Bluff","Oncorhynchus gorbuscha",0
"148","Summer","Mariner's Bluff","Ammodytes hexapterus",3
"149","Summer","Mariner's Bluff","Clupea pallasii",4
"150","Summer","Mariner's Bluff","Engraulis mordax",5
"151","Summer","Mariner's Bluff","Cymatogaster aggregata",4
"152","Summer","Mariner's Bluff","Gasterosteus aculeatus",1
"153","Summer","Mariner's Bluff","Hypomesus pretiosus",0
"154","Summer","Mariner's Bluff","Mallotus villosus",0
"155","Summer","Mariner's Bluff","Oncorhynchus tshawytscha",2
"156","Summer","Mariner's Bluff","Oncorhynchus nerka",9
"157","Summer","Mariner's Bluff","Oncorhynchus kisutch",2
"158","Summer","Mariner's Bluff","Oncorhynchus gorbuscha",1
"159","Summer","Mariner's Bluff","Ammodytes hexapterus",1
"160","Summer","Mariner's Bluff","Clupea pallasii",2
"161","Summer","Mariner's Bluff","Engraulis mordax",4
"162","Summer","Mariner's Bluff","Cymatogaster aggregata",4
"163","Summer","Mariner's Bluff","Gasterosteus aculeatus",0
"164","Summer","Mariner's Bluff","Hypomesus pretiosus",2
"165","Summer","Mariner's Bluff","Mallotus villosus",7
"166","Summer","Brown Slough Outside","Oncorhynchus tshawytscha",0
"167","Summer","Brown Slough Outside","Oncorhynchus nerka",1
"168","Summer","Brown Slough Outside","Oncorhynchus kisutch",0
"169","Summer","Brown Slough Outside","Oncorhynchus gorbuscha",1
"170","Summer","Brown Slough Outside","Ammodytes hexapterus",0
"171","Summer","Brown Slough Outside","Clupea pallasii",4
"172","Summer","Brown Slough Outside","Engraulis mordax",1
"173","Summer","Brown Slough Outside","Cymatogaster aggregata",0
"174","Summer","Brown Slough Outside","Gasterosteus aculeatus",0
"175","Summer","Brown Slough Outside","Hypomesus pretiosus",2
"176","Summer","Brown Slough Outside","Mallotus villosus",1
"177","Summer","Brown Slough Outside","Oncorhynchus tshawytscha",1
"178","Summer","Brown Slough Outside","Oncorhynchus nerka",4
"179","Summer","Brown Slough Outside","Oncorhynchus kisutch",5
"180","Summer","Brown Slough Outside","Oncorhynchus gorbuscha",8
"181","Summer","Brown Slough Outside","Ammodytes hexapterus",4
"182","Summer","Brown Slough Outside","Clupea pallasii",2
"183","Summer","Brown Slough Outside","Engraulis mordax",0
"184","Summer","Brown Slough Outside","Cymatogaster aggregata",12
"185","Summer","Brown Slough Outside","Gasterosteus aculeatus",2
"186","Summer","Brown Slough Outside","Hypomesus pretiosus",0
"187","Summer","Brown Slough Outside","Mallotus villosus",4
"188","Summer","Brown Slough Outside","Oncorhynchus tshawytscha",1
"189","Summer","Brown Slough Outside","Oncorhynchus nerka",1
"190","Summer","Brown Slough Outside","Oncorhynchus kisutch",2
"191","Summer","Brown Slough Outside","Oncorhynchus gorbuscha",5
"192","Summer","Brown Slough Outside","Ammodytes hexapterus",0
"193","Summer","Brown Slough Outside","Clupea pallasii",1
"194","Summer","Brown Slough Outside","Engraulis mordax",0
"195","Summer","Brown Slough Outside","Cymatogaster aggregata",0
"196","Summer","Brown Slough Outside","Gasterosteus aculeatus",4
"197","Summer","Brown Slough Outside","Hypomesus pretiosus",4
"198","Summer","Brown Slough Outside","Mallotus villosus",1
"199","Summer","Brown Slough Dike Side","Oncorhynchus tshawytscha",11
"200","Summer","Brown Slough Dike Side","Oncorhynchus nerka",12
"201","Summer","Brown Slough Dike Side","Oncorhynchus kisutch",3
"202","Summer","Brown Slough Dike Side","Oncorhynchus gorbuscha",11
"203","Summer","Brown Slough Dike Side","Ammodytes hexapterus",2
"204","Summer","Brown Slough Dike Side","Clupea pallasii",6
"205","Summer","Brown Slough Dike Side","Engraulis mordax",2
"206","Summer","Brown Slough Dike Side","Cymatogaster aggregata",10
"207","Summer","Brown Slough Dike Side","Gasterosteus aculeatus",1
"208","Summer","Brown Slough Dike Side","Hypomesus pretiosus",5
"209","Summer","Brown Slough Dike Side","Mallotus villosus",4
"210","Summer","Brown Slough Dike Side","Oncorhynchus tshawytscha",1
"211","Summer","Brown Slough Dike Side","Oncorhynchus nerka",0
"212","Summer","Brown Slough Dike Side","Oncorhynchus kisutch",1
"213","Summer","Brown Slough Dike Side","Oncorhynchus gorbuscha",4
"214","Summer","Brown Slough Dike Side","Ammodytes hexapterus",2
"215","Summer","Brown Slough Dike Side","Clupea pallasii",2
"216","Summer","Brown Slough Dike Side","Engraulis mordax",1
"217","Summer","Brown Slough Dike Side","Cymatogaster aggregata",10
"218","Summer","Brown Slough Dike Side","Gasterosteus aculeatus",3
"219","Summer","Brown Slough Dike Side","Hypomesus pretiosus",8
"220","Summer","Brown Slough Dike Side","Mallotus villosus",4
"221","Summer","Brown Slough Dike Side","Oncorhynchus tshawytscha",2
"222","Summer","Brown Slough Dike Side","Oncorhynchus nerka",1
"223","Summer","Brown Slough Dike Side","Oncorhynchus kisutch",10
"224","Summer","Brown Slough Dike Side","Oncorhynchus gorbuscha",21
"225","Summer","Brown Slough Dike Side","Ammodytes hexapterus",1
"226","Summer","Brown Slough Dike Side","Clupea pallasii",0
"227","Summer","Brown Slough Dike Side","Engraulis mordax",1
"228","Summer","Brown Slough Dike Side","Cymatogaster aggregata",0
"229","Summer","Brown Slough Dike Side","Gasterosteus aculeatus",0
"230","Summer","Brown Slough Dike Side","Hypomesus pretiosus",9
"231","Summer","Brown Slough Dike Side","Mallotus villosus",3
"232","Summer","Ika Upper","Oncorhynchus tshawytscha",17
"233","Summer","Ika Upper","Oncorhynchus nerka",2
"234","Summer","Ika Upper","Oncorhynchus kisutch",1
"235","Summer","Ika Upper","Oncorhynchus gorbuscha",12
"236","Summer","Ika Upper","Ammodytes hexapterus",0
"237","Summer","Ika Upper","Clupea pallasii",1
"238","Summer","Ika Upper","Engraulis mordax",4
"239","Summer","Ika Upper","Cymatogaster aggregata",7
"240","Summer","Ika Upper","Gasterosteus aculeatus",3
"241","Summer","Ika Upper","Hypomesus pretiosus",10
"242","Summer","Ika Upper","Mallotus villosus",11
"243","Summer","Ika Upper","Oncorhynchus tshawytscha",3
"244","Summer","Ika Upper","Oncorhynchus nerka",13
"245","Summer","Ika Upper","Oncorhynchus kisutch",13
"246","Summer","Ika Upper","Oncorhynchus gorbuscha",3
"247","Summer","Ika Upper","Ammodytes hexapterus",6
"248","Summer","Ika Upper","Clupea pallasii",4
"249","Summer","Ika Upper","Engraulis mordax",2
"250","Summer","Ika Upper","Cymatogaster aggregata",11
"251","Summer","Ika Upper","Gasterosteus aculeatus",12
"252","Summer","Ika Upper","Hypomesus pretiosus",5
"253","Summer","Ika Upper","Mallotus villosus",3
"254","Winter1","Ika Upper","Oncorhynchus tshawytscha",6
"255","Winter1","Ika Upper","Oncorhynchus nerka",12
"256","Winter1","Ika Upper","Oncorhynchus kisutch",20
"257","Winter1","Ika Upper","Oncorhynchus gorbuscha",7
"258","Winter1","Ika Upper","Ammodytes hexapterus",9
"259","Winter1","Ika Upper","Clupea pallasii",1
"260","Winter1","Ika Upper","Engraulis mordax",5
"261","Winter1","Ika Upper","Cymatogaster aggregata",7
"262","Winter1","Ika Upper","Gasterosteus aculeatus",0
"263","Winter1","Ika Upper","Hypomesus pretiosus",2
"264","Winter1","Ika Upper","Mallotus villosus",2
"265","Winter1","Ika Lower","Oncorhynchus tshawytscha",7
"266","Winter1","Ika Lower","Oncorhynchus nerka",1
"267","Winter1","Ika Lower","Oncorhynchus kisutch",0
"268","Winter1","Ika Lower","Oncorhynchus gorbuscha",9
"269","Winter1","Ika Lower","Ammodytes hexapterus",7
"270","Winter1","Ika Lower","Clupea pallasii",5
"271","Winter1","Ika Lower","Engraulis mordax",1
"272","Winter1","Ika Lower","Cymatogaster aggregata",1
"273","Winter1","Ika Lower","Gasterosteus aculeatus",5
"274","Winter1","Ika Lower","Hypomesus pretiosus",2
"275","Winter1","Ika Lower","Mallotus villosus",7
"276","Winter1","Ika Lower","Oncorhynchus tshawytscha",1
"277","Winter1","Ika Lower","Oncorhynchus nerka",2
"278","Winter1","Ika Lower","Oncorhynchus kisutch",56
"279","Winter1","Ika Lower","Oncorhynchus gorbuscha",6
"280","Winter1","Ika Lower","Ammodytes hexapterus",1
"281","Winter1","Ika Lower","Clupea pallasii",1
"282","Winter1","Ika Lower","Engraulis mordax",6
"283","Winter1","Ika Lower","Cymatogaster aggregata",0
"284","Winter1","Ika Lower","Gasterosteus aculeatus",0
"285","Winter1","Ika Lower","Hypomesus pretiosus",1
"286","Winter1","Ika Lower","Mallotus villosus",6
"287","Winter1","Ika Lower","Oncorhynchus tshawytscha",10
"288","Winter1","Ika Lower","Oncorhynchus nerka",1
"289","Winter1","Ika Lower","Oncorhynchus kisutch",14
"290","Winter1","Ika Lower","Oncorhynchus gorbuscha",4
"291","Winter1","Ika Lower","Ammodytes hexapterus",42
"292","Winter1","Ika Lower","Clupea pallasii",1
"293","Winter1","Ika Lower","Engraulis mordax",3
"294","Winter1","Ika Lower","Cymatogaster aggregata",7
"295","Winter1","Ika Lower","Gasterosteus aculeatus",8
"296","Winter1","Ika Lower","Hypomesus pretiosus",1
"297","Winter1","Ika Lower","Mallotus villosus",8
"298","Winter1","Cattail","Oncorhynchus tshawytscha",8
"299","Winter1","Cattail","Oncorhynchus nerka",11
"300","Winter1","Cattail","Oncorhynchus kisutch",0
"301","Winter1","Cattail","Oncorhynchus gorbuscha",1
"302","Winter1","Cattail","Ammodytes hexapterus",1
"303","Winter1","Cattail","Clupea pallasii",2
"304","Winter1","Cattail","Engraulis mordax",10
"305","Winter1","Cattail","Cymatogaster aggregata",2
"306","Winter1","Cattail","Gasterosteus aculeatus",1
"307","Winter1","Cattail","Hypomesus pretiosus",0
"308","Winter1","Cattail","Mallotus villosus",3
"309","Winter1","Cattail","Oncorhynchus tshawytscha",2
"310","Winter1","Cattail","Oncorhynchus nerka",1
"311","Winter1","Cattail","Oncorhynchus kisutch",3
"312","Winter1","Cattail","Oncorhynchus gorbuscha",1
"313","Winter1","Cattail","Ammodytes hexapterus",11
"314","Winter1","Cattail","Clupea pallasii",0
"315","Winter1","Cattail","Engraulis mordax",6
"316","Winter1","Cattail","Cymatogaster aggregata",4
"317","Winter1","Cattail","Gasterosteus aculeatus",2
"318","Winter1","Cattail","Hypomesus pretiosus",0
"319","Winter1","Cattail","Mallotus villosus",4
"320","Winter1","Cattail","Oncorhynchus tshawytscha",20
"321","Winter1","Cattail","Oncorhynchus nerka",0
"322","Winter1","Cattail","Oncorhynchus kisutch",1
"323","Winter1","Cattail","Oncorhynchus gorbuscha",13
"324","Winter1","Cattail","Ammodytes hexapterus",18
"325","Winter1","Cattail","Clupea pallasii",0
"326","Winter1","Cattail","Engraulis mordax",0
"327","Winter1","Cattail","Cymatogaster aggregata",22
"328","Winter1","Cattail","Gasterosteus aculeatus",10
"329","Winter1","Cattail","Hypomesus pretiosus",7
"330","Winter1","Cattail","Mallotus villosus",5
"331","Winter1","Grain of Sand","Oncorhynchus tshawytscha",4
"332","Winter1","Grain of Sand","Oncorhynchus nerka",1
"333","Winter1","Grain of Sand","Oncorhynchus kisutch",3
"334","Winter1","Grain of Sand","Oncorhynchus gorbuscha",3
"335","Winter1","Grain of Sand","Ammodytes hexapterus",0
"336","Winter1","Grain of Sand","Clupea pallasii",4
"337","Winter1","Grain of Sand","Engraulis mordax",4
"338","Winter1","Grain of Sand","Cymatogaster aggregata",4
"339","Winter1","Grain of Sand","Gasterosteus aculeatus",3
"340","Winter1","Grain of Sand","Hypomesus pretiosus",5
"341","Winter1","Grain of Sand","Mallotus villosus",3
"342","Winter1","Grain of Sand","Oncorhynchus tshawytscha",3
"343","Winter1","Grain of Sand","Oncorhynchus nerka",1
"344","Winter1","Grain of Sand","Oncorhynchus kisutch",1
"345","Winter1","Grain of Sand","Oncorhynchus gorbuscha",1
"346","Winter1","Grain of Sand","Ammodytes hexapterus",0
"347","Winter1","Grain of Sand","Clupea pallasii",7
"348","Winter1","Grain of Sand","Engraulis mordax",4
"349","Winter1","Grain of Sand","Cymatogaster aggregata",17
"350","Winter1","Grain of Sand","Gasterosteus aculeatus",5
"351","Winter1","Grain of Sand","Hypomesus pretiosus",2
"352","Winter1","Grain of Sand","Mallotus villosus",4
"353","Winter1","Grain of Sand","Oncorhynchus tshawytscha",5
"354","Winter1","Grain of Sand","Oncorhynchus nerka",1
"355","Winter1","Grain of Sand","Oncorhynchus kisutch",1
"356","Winter1","Grain of Sand","Oncorhynchus gorbuscha",1
"357","Winter1","Grain of Sand","Ammodytes hexapterus",1
"358","Winter1","Grain of Sand","Clupea pallasii",5
"359","Winter1","Grain of Sand","Engraulis mordax",2
"360","Winter1","Grain of Sand","Cymatogaster aggregata",6
"361","Winter1","Grain of Sand","Gasterosteus aculeatus",0
"362","Winter1","Grain of Sand","Hypomesus pretiosus",1
"363","Winter1","Grain of Sand","Mallotus villosus",5
"364","Winter1","Lone Tree Point","Oncorhynchus tshawytscha",15
"365","Winter1","Lone Tree Point","Oncorhynchus nerka",2
"366","Winter1","Lone Tree Point","Oncorhynchus kisutch",5
"367","Winter1","Lone Tree Point","Oncorhynchus gorbuscha",3
"368","Winter1","Lone Tree Point","Ammodytes hexapterus",2
"369","Winter1","Lone Tree Point","Clupea pallasii",1
"370","Winter1","Lone Tree Point","Engraulis mordax",0
"371","Winter1","Lone Tree Point","Cymatogaster aggregata",3
"372","Winter1","Lone Tree Point","Gasterosteus aculeatus",1
"373","Winter1","Lone Tree Point","Hypomesus pretiosus",2
"374","Winter1","Lone Tree Point","Mallotus villosus",0
"375","Winter1","Lone Tree Point","Oncorhynchus tshawytscha",3
"376","Winter1","Lone Tree Point","Oncorhynchus nerka",2
"377","Winter1","Lone Tree Point","Oncorhynchus kisutch",6
"378","Winter1","Lone Tree Point","Oncorhynchus gorbuscha",4
"379","Winter1","Lone Tree Point","Ammodytes hexapterus",2
"380","Winter1","Lone Tree Point","Clupea pallasii",21
"381","Winter1","Lone Tree Point","Engraulis mordax",3
"382","Winter1","Lone Tree Point","Cymatogaster aggregata",1
"383","Winter1","Lone Tree Point","Gasterosteus aculeatus",1
"384","Winter1","Lone Tree Point","Hypomesus pretiosus",6
"385","Winter1","Lone Tree Point","Mallotus villosus",3
"386","Winter1","Lone Tree Point","Oncorhynchus tshawytscha",4
"387","Winter1","Lone Tree Point","Oncorhynchus nerka",1
"388","Winter1","Lone Tree Point","Oncorhynchus kisutch",2
"389","Winter1","Lone Tree Point","Oncorhynchus gorbuscha",5
"390","Winter1","Lone Tree Point","Ammodytes hexapterus",8
"391","Winter1","Lone Tree Point","Clupea pallasii",1
"392","Winter1","Lone Tree Point","Engraulis mordax",15
"393","Winter1","Lone Tree Point","Cymatogaster aggregata",16
"394","Winter1","Lone Tree Point","Gasterosteus aculeatus",3
"395","Winter1","Lone Tree Point","Hypomesus pretiosus",1
"396","Winter1","Lone Tree Point","Mallotus villosus",3
"397","Winter1","Hoypus","Oncorhynchus tshawytscha",4
"398","Winter1","Hoypus","Oncorhynchus nerka",0
"399","Winter1","Hoypus","Oncorhynchus kisutch",8
"400","Winter1","Hoypus","Oncorhynchus gorbuscha",1
"401","Winter1","Hoypus","Ammodytes hexapterus",1
"402","Winter1","Hoypus","Clupea pallasii",2
"403","Winter1","Hoypus","Engraulis mordax",20
"404","Winter1","Hoypus","Cymatogaster aggregata",1
"405","Winter1","Hoypus","Gasterosteus aculeatus",1
"406","Winter1","Hoypus","Hypomesus pretiosus",2
"407","Winter1","Hoypus","Mallotus villosus",1
"408","Winter1","Hoypus","Oncorhynchus tshawytscha",1
"409","Winter1","Hoypus","Oncorhynchus nerka",4
"410","Winter1","Hoypus","Oncorhynchus kisutch",3
"411","Winter1","Hoypus","Oncorhynchus gorbuscha",8
"412","Winter1","Hoypus","Ammodytes hexapterus",6
"413","Winter1","Hoypus","Clupea pallasii",22
"414","Winter1","Hoypus","Engraulis mordax",1
"415","Winter1","Hoypus","Cymatogaster aggregata",0
"416","Winter1","Hoypus","Gasterosteus aculeatus",3
"417","Winter1","Hoypus","Hypomesus pretiosus",3
"418","Winter1","Hoypus","Mallotus villosus",3
"419","Winter1","Hoypus","Oncorhynchus tshawytscha",7
"420","Winter1","Hoypus","Oncorhynchus nerka",13
"421","Winter1","Hoypus","Oncorhynchus kisutch",5
"422","Winter1","Hoypus","Oncorhynchus gorbuscha",4
"423","Winter1","Hoypus","Ammodytes hexapterus",2
"424","Winter1","Hoypus","Clupea pallasii",0
"425","Winter1","Hoypus","Engraulis mordax",4
"426","Winter1","Hoypus","Cymatogaster aggregata",0
"427","Winter1","Hoypus","Gasterosteus aculeatus",8
"428","Winter1","Hoypus","Hypomesus pretiosus",0
"429","Winter1","Hoypus","Mallotus villosus",13
"430","Winter1","Dugualla Bluff","Oncorhynchus tshawytscha",3
"431","Winter1","Dugualla Bluff","Oncorhynchus nerka",4
"432","Winter1","Dugualla Bluff","Oncorhynchus kisutch",2
"433","Winter1","Dugualla Bluff","Oncorhynchus gorbuscha",7
"434","Winter1","Dugualla Bluff","Ammodytes hexapterus",6
"435","Winter1","Dugualla Bluff","Clupea pallasii",1
"436","Winter1","Dugualla Bluff","Engraulis mordax",4
"437","Winter1","Dugualla Bluff","Cymatogaster aggregata",2
"438","Winter1","Dugualla Bluff","Gasterosteus aculeatus",8
"439","Winter1","Dugualla Bluff","Hypomesus pretiosus",1
"440","Winter1","Dugualla Bluff","Mallotus villosus",6
"441","Winter1","Dugualla Bluff","Oncorhynchus tshawytscha",4
"442","Winter1","Dugualla Bluff","Oncorhynchus nerka",2
"443","Winter1","Dugualla Bluff","Oncorhynchus kisutch",7
"444","Winter1","Dugualla Bluff","Oncorhynchus gorbuscha",6
"445","Winter1","Dugualla Bluff","Ammodytes hexapterus",1
"446","Winter1","Dugualla Bluff","Clupea pallasii",0
"447","Winter1","Dugualla Bluff","Engraulis mordax",2
"448","Winter1","Dugualla Bluff","Cymatogaster aggregata",5
"449","Winter1","Dugualla Bluff","Gasterosteus aculeatus",0
"450","Winter1","Dugualla Bluff","Hypomesus pretiosus",0
"451","Winter1","Dugualla Bluff","Mallotus villosus",0
"452","Winter1","Dugualla Bluff","Oncorhynchus tshawytscha",1
"453","Winter1","Dugualla Bluff","Oncorhynchus nerka",5
"454","Winter1","Dugualla Bluff","Oncorhynchus kisutch",0
"455","Winter1","Dugualla Bluff","Oncorhynchus gorbuscha",2
"456","Winter1","Dugualla Bluff","Ammodytes hexapterus",3
"457","Winter1","Dugualla Bluff","Clupea pallasii",4
"458","Winter1","Dugualla Bluff","Engraulis mordax",7
"459","Winter1","Dugualla Bluff","Cymatogaster aggregata",1
"460","Winter1","Dugualla Bluff","Gasterosteus aculeatus",0
"461","Winter1","Dugualla Bluff","Hypomesus pretiosus",21
"462","Winter1","Dugualla Bluff","Mallotus villosus",15
"463","Winter1","Random Middle 433","Oncorhynchus tshawytscha",1
"464","Winter1","Random Middle 433","Oncorhynchus nerka",19
"465","Winter1","Random Middle 433","Oncorhynchus kisutch",0
"466","Winter1","Random Middle 433","Oncorhynchus gorbuscha",1
"467","Winter1","Random Middle 433","Ammodytes hexapterus",20
"468","Winter1","Random Middle 433","Clupea pallasii",3
"469","Winter1","Random Middle 433","Engraulis mordax",1
"470","Winter1","Random Middle 433","Cymatogaster aggregata",6
"471","Winter1","Random Middle 433","Gasterosteus aculeatus",0
"472","Winter1","Random Middle 433","Hypomesus pretiosus",5
"473","Winter1","Random Middle 433","Mallotus villosus",7
"474","Winter1","Random Middle 433","Oncorhynchus tshawytscha",1
"475","Winter1","Random Middle 433","Oncorhynchus nerka",1
"476","Winter1","Random Middle 433","Oncorhynchus kisutch",0
"477","Winter1","Random Middle 433","Oncorhynchus gorbuscha",5
"478","Winter1","Random Middle 433","Ammodytes hexapterus",13
"479","Winter1","Random Middle 433","Clupea pallasii",2
"480","Winter1","Random Middle 433","Engraulis mordax",3
"481","Winter1","Random Middle 433","Cymatogaster aggregata",1
"482","Winter1","Random Middle 433","Gasterosteus aculeatus",1
"483","Winter1","Random Middle 433","Hypomesus pretiosus",16
"484","Winter1","Random Middle 433","Mallotus villosus",2
"485","Winter1","Random Middle 433","Oncorhynchus tshawytscha",1
"486","Winter1","Random Middle 433","Oncorhynchus nerka",2
"487","Winter1","Random Middle 433","Oncorhynchus kisutch",11
"488","Winter1","Random Middle 433","Oncorhynchus gorbuscha",1
"489","Winter1","Random Middle 433","Ammodytes hexapterus",1
"490","Winter1","Random Middle 433","Clupea pallasii",12
"491","Winter1","Random Middle 433","Engraulis mordax",0
"492","Winter1","Random Middle 433","Cymatogaster aggregata",4
"493","Winter1","Random Middle 433","Gasterosteus aculeatus",1
"494","Winter1","Random Middle 433","Hypomesus pretiosus",2
"495","Winter1","Random Middle 433","Mallotus villosus",0
"496","Winter1","Turner's Spit North","Oncorhynchus tshawytscha",30
"497","Winter1","Turner's Spit North","Oncorhynchus nerka",7
"498","Winter1","Turner's Spit North","Oncorhynchus kisutch",7
"499","Winter1","Turner's Spit North","Oncorhynchus gorbuscha",0
"500","Winter1","Turner's Spit North","Ammodytes hexapterus",2
"501","Winter1","Turner's Spit North","Clupea pallasii",15
"502","Winter1","Turner's Spit North","Engraulis mordax",3
"503","Winter1","Turner's Spit North","Cymatogaster aggregata",6
"504","Winter1","Turner's Spit North","Gasterosteus aculeatus",44
"505","Winter1","Turner's Spit North","Hypomesus pretiosus",1
"506","Winter1","Turner's Spit North","Mallotus villosus",8
"507","Winter2","Turner's Spit North","Oncorhynchus tshawytscha",0
"508","Winter2","Turner's Spit North","Oncorhynchus nerka",0
"509","Winter2","Turner's Spit North","Oncorhynchus kisutch",3
"510","Winter2","Turner's Spit North","Oncorhynchus gorbuscha",29
"511","Winter2","Turner's Spit North","Ammodytes hexapterus",0
"512","Winter2","Turner's Spit North","Clupea pallasii",0
"513","Winter2","Turner's Spit North","Engraulis mordax",0
"514","Winter2","Turner's Spit North","Cymatogaster aggregata",0
"515","Winter2","Turner's Spit North","Gasterosteus aculeatus",2
"516","Winter2","Turner's Spit North","Hypomesus pretiosus",0
"517","Winter2","Turner's Spit North","Mallotus villosus",8
"518","Winter2","Turner's Spit North","Oncorhynchus tshawytscha",3
"519","Winter2","Turner's Spit North","Oncorhynchus nerka",1
"520","Winter2","Turner's Spit North","Oncorhynchus kisutch",5
"521","Winter2","Turner's Spit North","Oncorhynchus gorbuscha",1
"522","Winter2","Turner's Spit North","Ammodytes hexapterus",0
"523","Winter2","Turner's Spit North","Clupea pallasii",8
"524","Winter2","Turner's Spit North","Engraulis mordax",4
"525","Winter2","Turner's Spit North","Cymatogaster aggregata",13
"526","Winter2","Turner's Spit North","Gasterosteus aculeatus",1
"527","Winter2","Turner's Spit North","Hypomesus pretiosus",3
"528","Winter2","Turner's Spit North","Mallotus villosus",8
"529","Winter2","Random near Camp Grande","Oncorhynchus tshawytscha",4
"530","Winter2","Random near Camp Grande","Oncorhynchus nerka",7
"531","Winter2","Random near Camp Grande","Oncorhynchus kisutch",1
"532","Winter2","Random near Camp Grande","Oncorhynchus gorbuscha",6
"533","Winter2","Random near Camp Grande","Ammodytes hexapterus",7
"534","Winter2","Random near Camp Grande","Clupea pallasii",5
"535","Winter2","Random near Camp Grande","Engraulis mordax",2
"536","Winter2","Random near Camp Grande","Cymatogaster aggregata",2
"537","Winter2","Random near Camp Grande","Gasterosteus aculeatus",0
"538","Winter2","Random near Camp Grande","Hypomesus pretiosus",0
"539","Winter2","Random near Camp Grande","Mallotus villosus",0
"540","Winter2","Random near Camp Grande","Oncorhynchus tshawytscha",6
"541","Winter2","Random near Camp Grande","Oncorhynchus nerka",2
"542","Winter2","Random near Camp Grande","Oncorhynchus kisutch",0
"543","Winter2","Random near Camp Grande","Oncorhynchus gorbuscha",2
"544","Winter2","Random near Camp Grande","Ammodytes hexapterus",1
"545","Winter2","Random near Camp Grande","Clupea pallasii",0
"546","Winter2","Random near Camp Grande","Engraulis mordax",5
"547","Winter2","Random near Camp Grande","Cymatogaster aggregata",7
"548","Winter2","Random near Camp Grande","Gasterosteus aculeatus",1
"549","Winter2","Random near Camp Grande","Hypomesus pretiosus",6
"550","Winter2","Random near Camp Grande","Mallotus villosus",1
"551","Winter2","Random near Camp Grande","Oncorhynchus tshawytscha",0
"552","Winter2","Random near Camp Grande","Oncorhynchus nerka",0
"553","Winter2","Random near Camp Grande","Oncorhynchus kisutch",4
"554","Winter2","Random near Camp Grande","Oncorhynchus gorbuscha",2
"555","Winter2","Random near Camp Grande","Ammodytes hexapterus",3
"556","Winter2","Random near Camp Grande","Clupea pallasii",0
"557","Winter2","Random near Camp Grande","Engraulis mordax",6
"558","Winter2","Random near Camp Grande","Cymatogaster aggregata",2
"559","Winter2","Random near Camp Grande","Gasterosteus aculeatus",0
"560","Winter2","Random near Camp Grande","Hypomesus pretiosus",4
"561","Winter2","Random near Camp Grande","Mallotus villosus",1
"562","Winter2","Goat Island","Oncorhynchus tshawytscha",22
"563","Winter2","Goat Island","Oncorhynchus nerka",1
"564","Winter2","Goat Island","Oncorhynchus kisutch",0
"565","Winter2","Goat Island","Oncorhynchus gorbuscha",1
"566","Winter2","Goat Island","Ammodytes hexapterus",5
"567","Winter2","Goat Island","Clupea pallasii",2
"568","Winter2","Goat Island","Engraulis mordax",6
"569","Winter2","Goat Island","Cymatogaster aggregata",14
"570","Winter2","Goat Island","Gasterosteus aculeatus",14
"571","Winter2","Goat Island","Hypomesus pretiosus",1
"572","Winter2","Goat Island","Mallotus villosus",14
"573","Winter2","Goat Island","Oncorhynchus tshawytscha",9
"574","Winter2","Goat Island","Oncorhynchus nerka",27
"575","Winter2","Goat Island","Oncorhynchus kisutch",6
"576","Winter2","Goat Island","Oncorhynchus gorbuscha",4
"577","Winter2","Goat Island","Ammodytes hexapterus",10
"578","Winter2","Goat Island","Clupea pallasii",3
"579","Winter2","Goat Island","Engraulis mordax",5
"580","Winter2","Goat Island","Cymatogaster aggregata",5
"581","Winter2","Goat Island","Gasterosteus aculeatus",1
"582","Winter2","Goat Island","Hypomesus pretiosus",0
"583","Winter2","Goat Island","Mallotus villosus",2
"584","Winter2","Goat Island","Oncorhynchus tshawytscha",1
"585","Winter2","Goat Island","Oncorhynchus nerka",22
"586","Winter2","Goat Island","Oncorhynchus kisutch",0
"587","Winter2","Goat Island","Oncorhynchus gorbuscha",4
"588","Winter2","Goat Island","Ammodytes hexapterus",0
"589","Winter2","Goat Island","Clupea pallasii",6
"590","Winter2","Goat Island","Engraulis mordax",7
"591","Winter2","Goat Island","Cymatogaster aggregata",0
"592","Winter2","Goat Island","Gasterosteus aculeatus",1
"593","Winter2","Goat Island","Hypomesus pretiosus",9
"594","Winter2","Goat Island","Mallotus villosus",4
"595","Winter2","Fir Island Farms","Oncorhynchus tshawytscha",5
"596","Winter2","Fir Island Farms","Oncorhynchus nerka",2
"597","Winter2","Fir Island Farms","Oncorhynchus kisutch",2
"598","Winter2","Fir Island Farms","Oncorhynchus gorbuscha",1
"599","Winter2","Fir Island Farms","Ammodytes hexapterus",2
"600","Winter2","Fir Island Farms","Clupea pallasii",3
"601","Winter2","Fir Island Farms","Engraulis mordax",31
"602","Winter2","Fir Island Farms","Cymatogaster aggregata",2
"603","Winter2","Fir Island Farms","Gasterosteus aculeatus",6
"604","Winter2","Fir Island Farms","Hypomesus pretiosus",1
"605","Winter2","Fir Island Farms","Mallotus villosus",9
"606","Winter2","Fir Island Farms","Oncorhynchus tshawytscha",1
"607","Winter2","Fir Island Farms","Oncorhynchus nerka",9
"608","Winter2","Fir Island Farms","Oncorhynchus kisutch",2
"609","Winter2","Fir Island Farms","Oncorhynchus gorbuscha",1
"610","Winter2","Fir Island Farms","Ammodytes hexapterus",4
"611","Winter2","Fir Island Farms","Clupea pallasii",1
"612","Winter2","Fir Island Farms","Engraulis mordax",7
"613","Winter2","Fir Island Farms","Cymatogaster aggregata",2
"614","Winter2","Fir Island Farms","Gasterosteus aculeatus",3
"615","Winter2","Fir Island Farms","Hypomesus pretiosus",3
"616","Winter2","Fir Island Farms","Mallotus villosus",2
"617","Winter2","Fir Island Farms","Oncorhynchus tshawytscha",1
"618","Winter2","Fir Island Farms","Oncorhynchus nerka",5
"619","Winter2","Fir Island Farms","Oncorhynchus kisutch",3
"620","Winter2","Fir Island Farms","Oncorhynchus gorbuscha",1
"621","Winter2","Fir Island Farms","Ammodytes hexapterus",3
"622","Winter2","Fir Island Farms","Clupea pallasii",8
"623","Winter2","Fir Island Farms","Engraulis mordax",2
"624","Winter2","Fir Island Farms","Cymatogaster aggregata",4
"625","Winter2","Fir Island Farms","Gasterosteus aculeatus",19
"626","Winter2","Fir Island Farms","Hypomesus pretiosus",12
"627","Winter2","Fir Island Farms","Mallotus villosus",12
"628","Winter2","Boat Ramp","Oncorhynchus tshawytscha",1
"629","Winter2","Boat Ramp","Oncorhynchus nerka",0
"630","Winter2","Boat Ramp","Oncorhynchus kisutch",0
"631","Winter2","Boat Ramp","Oncorhynchus gorbuscha",1
"632","Winter2","Boat Ramp","Ammodytes hexapterus",8
"633","Winter2","Boat Ramp","Clupea pallasii",13
"634","Winter2","Boat Ramp","Engraulis mordax",3
"635","Winter2","Boat Ramp","Cymatogaster aggregata",3
"636","Winter2","Boat Ramp","Gasterosteus aculeatus",22
"637","Winter2","Boat Ramp","Hypomesus pretiosus",37
"638","Winter2","Boat Ramp","Mallotus villosus",11
"639","Winter2","Boat Ramp","Oncorhynchus tshawytscha",3
"640","Winter2","Boat Ramp","Oncorhynchus nerka",2
"641","Winter2","Boat Ramp","Oncorhynchus kisutch",9
"642","Winter2","Boat Ramp","Oncorhynchus gorbuscha",7
"643","Winter2","Boat Ramp","Ammodytes hexapterus",0
"644","Winter2","Boat Ramp","Clupea pallasii",5
"645","Winter2","Boat Ramp","Engraulis mordax",6
"646","Winter2","Boat Ramp","Cymatogaster aggregata",1
"647","Winter2","Boat Ramp","Gasterosteus aculeatus",2
"648","Winter2","Boat Ramp","Hypomesus pretiosus",1
"649","Winter2","Boat Ramp","Mallotus villosus",2
"650","Winter2","Boat Ramp","Oncorhynchus tshawytscha",5
"651","Winter2","Boat Ramp","Oncorhynchus nerka",0
"652","Winter2","Boat Ramp","Oncorhynchus kisutch",3
"653","Winter2","Boat Ramp","Oncorhynchus gorbuscha",10
"654","Winter2","Boat Ramp","Ammodytes hexapterus",0
"655","Winter2","Boat Ramp","Clupea pallasii",4
"656","Winter2","Boat Ramp","Engraulis mordax",0
"657","Winter2","Boat Ramp","Cymatogaster aggregata",2
"658","Winter2","Boat Ramp","Gasterosteus aculeatus",1
"659","Winter2","Boat Ramp","Hypomesus pretiosus",5
"660","Winter2","Boat Ramp","Mallotus villosus",2
"661","Winter2","Freshwater Pond","Oncorhynchus tshawytscha",4
"662","Winter2","Freshwater Pond","Oncorhynchus nerka",2
"663","Winter2","Freshwater Pond","Oncorhynchus kisutch",3
"664","Winter2","Freshwater Pond","Oncorhynchus gorbuscha",4
"665","Winter2","Freshwater Pond","Ammodytes hexapterus",0
"666","Winter2","Freshwater Pond","Clupea pallasii",17
"667","Winter2","Freshwater Pond","Engraulis mordax",2
"668","Winter2","Freshwater Pond","Cymatogaster aggregata",1
"669","Winter2","Freshwater Pond","Gasterosteus aculeatus",7
"670","Winter2","Freshwater Pond","Hypomesus pretiosus",3
"671","Winter2","Freshwater Pond","Mallotus villosus",0
"672","Winter2","Freshwater Pond","Oncorhynchus tshawytscha",2
"673","Winter2","Freshwater Pond","Oncorhynchus nerka",1
"674","Winter2","Freshwater Pond","Oncorhynchus kisutch",0
"675","Winter2","Freshwater Pond","Oncorhynchus gorbuscha",4
"676","Winter2","Freshwater Pond","Ammodytes hexapterus",2
"677","Winter2","Freshwater Pond","Clupea pallasii",2
"678","Winter2","Freshwater Pond","Engraulis mordax",4
"679","Winter2","Freshwater Pond","Cymatogaster aggregata",0
"680","Winter2","Freshwater Pond","Gasterosteus aculeatus",0
"681","Winter2","Freshwater Pond","Hypomesus pretiosus",6
"682","Winter2","Freshwater Pond","Mallotus villosus",5
"683","Winter2","Freshwater Pond","Oncorhynchus tshawytscha",5
"684","Winter2","Freshwater Pond","Oncorhynchus nerka",9
"685","Winter2","Freshwater Pond","Oncorhynchus kisutch",5
"686","Winter2","Freshwater Pond","Oncorhynchus gorbuscha",12
"687","Winter2","Freshwater Pond","Ammodytes hexapterus",3
"688","Winter2","Freshwater Pond","Clupea pallasii",3
"689","Winter2","Freshwater Pond","Engraulis mordax",4
"690","Winter2","Freshwater Pond","Cymatogaster aggregata",21
"691","Winter2","Freshwater Pond","Gasterosteus aculeatus",1
"692","Winter2","Freshwater Pond","Hypomesus pretiosus",2
"693","Winter2","Freshwater Pond","Mallotus villosus",3
"694","Winter2","Deepwater","Oncorhynchus tshawytscha",0
"695","Winter2","Deepwater","Oncorhynchus nerka",5
"696","Winter2","Deepwater","Oncorhynchus kisutch",0
"697","Winter2","Deepwater","Oncorhynchus gorbuscha",1
"698","Winter2","Deepwater","Ammodytes hexapterus",3
"699","Winter2","Deepwater","Clupea pallasii",3
"700","Winter2","Deepwater","Engraulis mordax",5
"701","Winter2","Deepwater","Cymatogaster aggregata",10
"702","Winter2","Deepwater","Gasterosteus aculeatus",8
"703","Winter2","Deepwater","Hypomesus pretiosus",1
"704","Winter2","Deepwater","Mallotus villosus",1
"705","Winter2","Deepwater","Oncorhynchus tshawytscha",1
"706","Winter2","Deepwater","Oncorhynchus nerka",1
"707","Winter2","Deepwater","Oncorhynchus kisutch",9
"708","Winter2","Deepwater","Oncorhynchus gorbuscha",2
"709","Winter2","Deepwater","Ammodytes hexapterus",12
"710","Winter2","Deepwater","Clupea pallasii",1
"711","Winter2","Deepwater","Engraulis mordax",4
"712","Winter2","Deepwater","Cymatogaster aggregata",0
"713","Winter2","Deepwater","Gasterosteus aculeatus",3
"714","Winter2","Deepwater","Hypomesus pretiosus",0
"715","Winter2","Deepwater","Mallotus villosus",6
"716","Winter2","Deepwater","Oncorhynchus tshawytscha",5
"717","Winter2","Deepwater","Oncorhynchus nerka",10
"718","Winter2","Deepwater","Oncorhynchus kisutch",45
"719","Winter2","Deepwater","Oncorhynchus gorbuscha",4
"720","Winter2","Deepwater","Ammodytes hexapterus",8
"721","Winter2","Deepwater","Clupea pallasii",8
"722","Winter2","Deepwater","Engraulis mordax",9
"723","Winter2","Deepwater","Cymatogaster aggregata",0
"724","Winter2","Deepwater","Gasterosteus aculeatus",12
"725","Winter2","Deepwater","Hypomesus pretiosus",4
"726","Winter2","Deepwater","Mallotus villosus",11
"727","Winter2","Tom Moore","Oncorhynchus tshawytscha",2
"728","Winter2","Tom Moore","Oncorhynchus nerka",4
"729","Winter2","Tom Moore","Oncorhynchus kisutch",1
"730","Winter2","Tom Moore","Oncorhynchus gorbuscha",1
"731","Winter2","Tom Moore","Ammodytes hexapterus",0
"732","Winter2","Tom Moore","Clupea pallasii",2
"733","Winter2","Tom Moore","Engraulis mordax",2
"734","Winter2","Tom Moore","Cymatogaster aggregata",4
"735","Winter2","Tom Moore","Gasterosteus aculeatus",0
"736","Winter2","Tom Moore","Hypomesus pretiosus",1
"737","Winter2","Tom Moore","Mallotus villosus",1
"738","Winter2","Tom Moore","Oncorhynchus tshawytscha",0
"739","Winter2","Tom Moore","Oncorhynchus nerka",25
"740","Winter2","Tom Moore","Oncorhynchus kisutch",10
"741","Winter2","Tom Moore","Oncorhynchus gorbuscha",0
"742","Winter2","Tom Moore","Ammodytes hexapterus",0
"743","Winter2","Tom Moore","Clupea pallasii",10
"744","Winter2","Tom Moore","Engraulis mordax",2
"745","Winter2","Tom Moore","Cymatogaster aggregata",1
"746","Winter2","Tom Moore","Gasterosteus aculeatus",0
"747","Winter2","Tom Moore","Hypomesus pretiosus",1
"748","Winter2","Tom Moore","Mallotus villosus",7
"749","Winter2","Tom Moore","Oncorhynchus tshawytscha",3
"750","Winter2","Tom Moore","Oncorhynchus nerka",5
"751","Winter2","Tom Moore","Oncorhynchus kisutch",8
"752","Winter2","Tom Moore","Oncorhynchus gorbuscha",5
"753","Winter2","Tom Moore","Ammodytes hexapterus",5
"754","Winter2","Tom Moore","Clupea pallasii",0
"755","Winter2","Tom Moore","Engraulis mordax",1
"756","Winter2","Tom Moore","Cymatogaster aggregata",0
"757","Winter2","Tom Moore","Gasterosteus aculeatus",5
"758","Winter2","Tom Moore","Hypomesus pretiosus",0
"759","Winter2","Tom Moore","Mallotus villosus",16
